keyword,closeness
based on novel or book,4.451478629544865
california,3.947347725138533
murder,3.929977943494348
intense,3.913820104585491
revenge,3.912402782163272
sibling relationship,3.901740116625052
new york city,3.8706581237136097
remake,3.8459356941581113
england,3.8440644065546317
france,3.840557219808758
villain,3.8380342680624473
amused,3.837624101517974
loss of loved one,3.833046950734356
dramatic,3.822913869159927
friendship,3.8160376610767996
woman director,3.8138894541990718
sequel,3.8079280893720715
dying and death,3.8031870474926106
paris,3.796930527638695
based on true story,3.79050850358582
love,3.7767582074675032
parent child relationship,3.7617275771970724
family,3.748807508771371
inspirational,3.74761161762943
suspenseful,3.744848572484368
frightened,3.7423660425002496
school,3.7419636066067836
based on comic,3.7406216712781903
bold,3.739868847449549
london,3.721351942255763
police,3.7108161422390906
dystopia,3.7032879025548886
awestruck,3.6860644698439966
anxious,3.682916849773087
martial arts,3.6803060935800205
angry,3.6786958141751933
romantic,3.6750106881468767
neo-noir,3.6742936541591784
tragic,3.6727911296322135
high school,3.6720579100939506
journalist,3.671210622843515
hospital,3.6682729055156567
family relationships,3.6615089576472943
biography,3.6606260783827067
gore,3.6565805288021473
rape,3.655583782163008
antagonistic,3.6471814011535257
gangster,3.6466696190302366
complex,3.639027561405982
secret identity,3.6385116091175327
audacious,3.6326960522199667
1960s,3.6315735138624334
appreciative,3.625369965402424
admiring,3.624421548953256
ambiguous,3.623789103545565
rivalry,3.623461338958326
psychopath,3.6157722819095746
marriage,3.614492121203017
19th century,3.609533765367007
germany,3.6085166673269864
desperate,3.6070163377525315
conspiracy,3.606746379023552
friends,3.603656651738273
loving,3.595827602953622
detective,3.5947470442410743
serial killer,3.594706914488495
new love,3.593536579109444
alcoholic,3.5916782606542976
fight,3.5914537077783626
investigation,3.5902213344026555
torture,3.586859406608338
exhilarated,3.5855290627564256
musical,3.585462561681974
superhero,3.5849631065564944
time travel,3.5848624721424924
sports,3.5816195803893525
dog,3.5808892107561636
magic,3.5807634186095916
wedding,3.5796609690067545
road trip,3.57745004682666
future,3.577050220530372
survival,3.575708801003894
blackmail,3.5754762283288977
chaos,3.5735226415701034
husband wife relationship,3.5721103990315632
christmas,3.5700323959245828
hilarious,3.5675960561906055
enthusiastic,3.566501746894205
los angeles,3.5620373084064534
drugs,3.561324375439876
frantic,3.561085237808581
vibrant,3.5584678552747016
suicide,3.555597025677027
sadism,3.5553329845869346
apathetic,3.5498802438277868
anthropomorphism,3.548816909055186
daughter,3.548597629251767
enraged,3.5482696762194825
violence,3.547012417752818
anime,3.5468576590611494
adultery,3.543290687469482
supernatural,3.541695759676108
aggressive,3.5391039852432313
gang,3.5386234338433704
1970s,3.5376359095863292
kidnapping,3.5361371921249063
authoritarian,3.525109380438317
dreams,3.523801930093565
best friend,3.5219075948524994
hopeful,3.520410843447671
usa,3.51525375409643
money,3.514837492118764
teacher,3.512026531514879
death,3.510434071310736
shootout,3.509000210380915
small town,3.5079761010285195
complicated,3.50491234366628
obsession,3.5028750577810066
motorcycle,3.5021185290136483
terrorism,3.50065660693975
cautionary,3.500302105842919
organized crime,3.499554274205746
world war ii,3.4987284538933325
faith,3.497699823506805
government,3.4961730261545347
letter,3.4942667795433127
fbi,3.4934312695026892
stop motion,3.4912853311190335
undercover,3.490555332777322
secret,3.489162556133431
based on young adult novel,3.488348301263231
based on tv series,3.4876907290772654
super power,3.487323151905021
corruption,3.485575181206463
religion,3.484947696516034
alien,3.484334623751229
earnest,3.4832275556589605
prostitute,3.483175793848757
china,3.481123728044869
melancholy,3.4807248216750204
surveillance,3.4785512906114056
1980s,3.477214312908988
condescending,3.4745904946531274
provocative,3.4719966305652044
japan,3.4713139155196706
surrealism,3.468949489756174
cynical,3.468342195974196
pets,3.467520157556561
joyful,3.4664473434316885
assassin,3.4649724561365045
whimsical,3.4610484923687617
funeral,3.4587740510301135
assassination,3.4586108099123023
monster,3.45603737300382
familiar,3.4537839827210717
female protagonist,3.4532606614949195
callous,3.4531991021274293
fake identity,3.452802156444023
church,3.45277949908074
embarrassed,3.4514302252680853
extramarital affair,3.451199969837557
zombie,3.4489664050355686
post-apocalyptic future,3.446809357073404
drug trafficking,3.44615480470233
grave,3.4433093035006
introspective,3.4428550487274276
curious,3.442528875467797
brutality,3.4421105428080283
jealousy,3.4412614031617657
witch,3.4399298162422114
coming of age,3.438502072878464
competition,3.437994145332505
saving the world,3.4341512209598393
corpse,3.4330054114968074
powerful,3.4324756071944273
dignified,3.432337871211296
sentimental,3.4320578535077133
military,3.4304851406661427
period drama,3.4304788262229162
boston,3.4297590553754422
massachusetts,3.429759055375442
malicious,3.4270780177347886
partner,3.426781706380828
flashback,3.4260768651810065
foreboding,3.425346186958775
lgbt,3.423714292256415
central intelligence agency (cia),3.423274741599182
adoring,3.4213382201639035
nostalgic,3.420350074001794
scientist,3.4197783772444836
harsh,3.419424718697096
ominous,3.4166920045599176
derogatory,3.414805931487966
hitman,3.412789348441374
ghoulish,3.412676816041848
spy,3.4090092515637975
biting,3.4089173661214534
creature,3.406413605141481
san francisco,3.4052472010965187
casino,3.4049455513192903
hotel,3.4043231601322637
action hero,3.4030312971627175
espionage,3.401959620146437
celebratory,3.3994551782800326
romcom,3.3989601013048385
fate,3.398705702404991
1940s,3.3974874408730824
grand,3.393151283479996
whodunit,3.392529108416212
assertive,3.3918273356562456
cheerful,3.390925990073248
commanding,3.39035935507379
factual,3.389911513759399
sword fight,3.3891839446401586
on the run,3.3875769071665447
loneliness,3.387331644958919
father,3.3854245175015807
somber,3.3853484552087254
affectation,3.3848942431579796
fire,3.3839044135166216
summer,3.383868860929287
philosophical,3.383277169961963
inflammatory,3.383019047874688
frustrated,3.381570403011198
sarcastic,3.379915470332229
usa president,3.379903586949714
nurse,3.379533673253078
battle,3.3793462008372397
cruelty,3.3790739325966235
father son relationship,3.3789030384728234
hero,3.3787428775783126
euphoric,3.3784828783353356
pedophile,3.3771066350283347
wizard,3.3756465933627755
bullying,3.3748744684395953
teenage girl,3.3743749570783246
playful,3.373989539834216
love affair,3.3721167240020256
gay theme,3.3711362363752957
baffled,3.3703088602215003
author,3.369626233726293
steampunk,3.3695379283563
optimistic,3.3681410090756283
boarding school,3.3662313741693226
ship,3.365139453034457
texas,3.36404316799445
supernatural power,3.363925254692184
drug addiction,3.363291116885504
exuberant,3.3631444526886503
love of one's life,3.3598145534381696
marriage crisis,3.3585436160387174
parody,3.357531366294469
impartial,3.3573992275982967
tragedy,3.3546146698587136
black magic,3.352579724968543
politics,3.3512110509693382
transformation,3.3507075976759686
massacre,3.350066741155759
tragic hero,3.3492493356348687
travel,3.349028843422577
female friendship,3.3463338643638147
lovers,3.3461236820783973
alaska,3.3432147742602365
prison,3.342444999930788
restaurant,3.34193112560416
1930s,3.3407703591993356
farcical,3.3401378275831277
critical,3.3400461103666506
dysfunctional family,3.3391249591391325
widow,3.3385333809994635
father son conflict,3.3369009648245664
spain,3.3366548653114494
identity,3.3361922540944295
hostility,3.334885889887454
1900s,3.3348735243498675
beauty,3.3347943164306724
career,3.3346185983902688
absurd,3.334244226704519
twist,3.333639585066895
sympathetic,3.3326563233494793
rebel,3.331659164797678
disaster,3.330661154841304
reporter,3.330198256799035
ambivalent,3.330117545947775
sadness,3.330103966994278
shanghai,3.3290251781669102
narcissism,3.3262835044570225
junkie,3.3259005527738648
berlin,3.325891042635633
reflective,3.3245643444587683
macabre,3.324138080671408
tree,3.3228353022976127
village,3.3227563377124674
escape,3.3223605419428397
peasant,3.3221734415691313
soldier,3.3211809740386977
infidelity,3.320593615495707
bank robbery,3.3180971813754074
nazi,3.317254386078249
traitor,3.3165842043066145
airplane,3.315251941421161
vision,3.3148514060321177
first love,3.3145063698248483
furious,3.3143707811119403
desert,3.313891188069938
single mother,3.3129907034527775
ghost,3.312063803640703
family holiday,3.3089461650252767
heart attack,3.30822487259295
lighthearted,3.305608711233393
lie,3.3054838716722075
mourning,3.303720869605286
secret love,3.3031666248570266
cruel,3.302889227835963
approving,3.302818718636157
drug dealer,3.302670900243285
killing,3.302574748186402
newspaper,3.3019015211455027
child abuse,3.3013447387726647
forest,3.2989633754340275
good versus evil,3.298200000975178
street gang,3.2965298296625765
suicide attempt,3.296417355829004
robbery,3.294717402140838
based on graphic novel,3.2945287292579892
bar,3.294058497858211
based on play or musical,3.2936364438638877
defiant,3.2931531739658175
fantasy world,3.2927592551667284
cheating,3.2913827042098354
lone wolf,3.2904799673561516
candid,3.2899723885200105
romance,3.2897377422523735
holiday,3.289046984043617
mean spirited,3.2861133562088445
crime fighter,3.2860353731835437
space opera,3.28498561536009
rural area,3.2849284831503347
secret society,3.2839311705161855
greed,3.2838349865877268
victim,3.283422324116448
excited,3.2826011517072833
space,3.282114854925275
hostage,3.28204462587966
sheriff,3.2817718690815036
interpol,3.280705846324553
motel,3.2806764995952253
skateboarding,3.2805423593126264
space travel,3.27956513587376
teen fantasy,3.277904790133093
pirate,3.2767673272714517
mother daughter relationship,3.276188728734045
lust,3.2752279581074486
narration,3.2742754696357372
washington dc,3.2729662278005405
strong woman,3.2725352614989887
justice,3.2718104856239405
buddy,3.2717922829603014
animals,3.271397856197667
horrified,3.2699469249743816
russia,3.269824688371485
curse,3.269108161453929
demon,3.2684302314741918
enchant,3.2682359966886927
moscow,3.2676278484704664
american football,3.2674506143244217
dishonesty,3.266840909453946
relationship,3.266626876487633
pennsylvania,3.2665325704418327
philadelphia,3.2665325704418327
brothel,3.2650221166897224
journalism,3.2647207542482426
matter of fact,3.264293371879402
unlikely friendship,3.2633859606576103
pessimistic,3.2631734395730705
compassionate,3.263143262979719
genius,3.262666546369158
ex soldier,3.262323921857969
pentagram,3.2612169868724212
fourth of july,3.2611061932441814
adventure,3.260522227265834
guilt,3.2600210461808046
coffin,3.2583108680876394
opposites attract,3.255644166406391
virus,3.2544228531708983
prison escape,3.2537531037038314
alien invasion,3.2534196060427547
prejudice,3.252767981132584
fairy tale,3.25194186791051
serene,3.251883367773608
disheartening,3.2512531052325597
loyalty,3.2509330312542897
melodramatic,3.24900781902526
gunfight,3.2488030860101724
betrayal,3.248396117575266
mobster,3.247788607811388
satire,3.2477305967750474
vigilante,3.247451772253131
pastor,3.246392127314389
scathing,3.246216303058577
chosen one,3.2458621283783713
teenage love,3.2456915236947093
capitalism,3.2453998618764914
rescue,3.24452793663657
black and white,3.2440137172312853
upper class,3.2437298571012416
prince,3.2420317960937397
adult animation,3.2415754438363016
mermaid,3.2412469250029687
world cup,3.2405017742894935
countryside,3.239886607918824
movie business,3.2398343233592626
dreary,3.239313373093269
homophobia,3.2393070324471585
army,3.238301425359814
neighbor,3.237203249959803
grieving,3.237112564443955
code,3.2366629807621026
police corruption,3.236523271599366
africa,3.2361826484933762
pipeline,3.2361436135200483
prequel,3.236136993032709
dragon,3.2353620422976497
women's prison,3.23511036094351
soldiers,3.2349874991895646
heroin,3.2349044620045353
empathetic,3.2345082659876807
slum,3.2343015955972314
undercover cop,3.2336614984369585
sinister,3.2324010421787026
pedophilia,3.232324616798088
school of witchcraft,3.2321977612845085
slapstick comedy,3.232104553186311
ghetto,3.230742619559702
marijuana,3.23067349275416
18th century,3.2301834189726555
ninja,3.2290437698297283
river,3.228854194181527
hotel room,3.2286225470594028
europe,3.2284279732762413
mischievous,3.227933509350077
madrid,3.2279282705682006
architect,3.2278939945867995
based on children's book,3.227487274678134
apologetic,3.22674751645413
law enforcement,3.2262287841742134
matter of life and death,3.2256257789488307
terrorist group,3.225558461777372
diary,3.225557234049601
hippie,3.225271558843038
car race,3.2248935604685984
dark fantasy,3.224769495417976
assistant,3.2240929631537325
1920s,3.22281461997055
mask,3.222453331586003
helicopter,3.2223260233337303
possession,3.220977070457815
sincere,3.220481814510356
confession,3.220441051914898
adoption,3.2188897642236642
accident,3.2184558755863297
parallel world,3.217689554892637
misanthrophy,3.217636142028954
bomb,3.216419792077582
american dream,3.215960486858065
explosive,3.2159555170030423
princess,3.215824971180147
survival horror,3.215407478515076
age difference,3.214260630115321
professor,3.212300180977651
date,3.2101956115031647
animal lead,3.2101349896682034
sardonic,3.209943676305698
humiliation,3.2097363004091863
cop,3.209400392136939
flirt,3.2086084103003234
fog,3.207984077170637
vampire,3.2075257965846196
single,3.2073057877111038
mutant,3.207249799080989
stalker,3.206973558678868
island,3.204797056758194
arrest,3.2041026921249163
cartoonist,3.20393709604874
mexico,3.20386933605228
wonder,3.203138654505
single father,3.2027698605214376
witty,3.2026500118568255
thoughtful,3.20179548181228
based on video game,3.2013860575576776
sister,3.199727398986913
loner,3.198672747860484
werewolf,3.198332360336154
volcano,3.1981874010647187
dark comedy,3.1978751673579877
forbidden love,3.1970946678185133
chase,3.1963121436001116
orphanage,3.195242248907859
cocaine,3.1947725051926628
secret agent,3.1940612230106
nature,3.1935403927026114
mother,3.1932674980838933
refugee camp,3.193032310573933
police detective,3.1929911764316987
psychotronic film,3.1896390461463895
special forces,3.1886851822936926
car crash,3.1884967766132983
ex-girlfriend,3.188078316086668
spider,3.1877744591459733
drug dealing,3.187195605420423
prosecution,3.1868843198573282
mother son relationship,3.186863345819852
nightclub,3.1857284762330447
bravery,3.185257524855046
forgiveness,3.1851199956441105
queen,3.1846400792715186
redemption,3.1843586991866073
break-up,3.1839615589105397
cannibal,3.18281743101724
love triangle,3.1813344009456994
mafia,3.180679634436213
teenager,3.180635316074404
antisocial personality disorder,3.1803381050866375
alternative reality,3.1772744488230407
lion,3.1766419280118905
tournament,3.1764286572134015
birth,3.175572481438502
tricks,3.1749626983979025
anti war,3.174843493289252
mentor,3.174601802579629
road movie,3.174461222712701
falling in love,3.1741156570488958
historical,3.1736960547504034
winter,3.172635762334244
suffering,3.1718145805111324
irreverent,3.17132678502358
tea,3.170455188337036
petrol,3.170229284584976
time machine,3.1699641272627463
dual identity,3.168161000190764
rat,3.1680800638102324
widower,3.167707531290758
doctor,3.1676289971198135
child kidnapping,3.1672660834078137
camping,3.166860786640939
helplessness,3.166825564767513
suburb,3.1666212488802876
young love,3.16631470599168
trailer park,3.1643070680636973
irish-american,3.1632322712705907
conscience,3.1632152429652245
confidence,3.1629621438129316
work,3.1628373776717607
drug cartel,3.1624681131755215
rice,3.1623772849827017
moral ambiguity,3.1613484590130922
self sacrifice,3.1610455242771436
hoodlum,3.160996631074659
vatican (holy see),3.159877837330319
anti hero,3.159274868365184
wretch,3.1588392395437785
stuntman,3.158373675960707
deaf-mute,3.1576123636467073
shipwreck,3.15698022093161
wilderness,3.1566899856829154
foot chase,3.156587430370471
disappearance,3.156188272736853
beach,3.155824865098778
3d animation,3.1556641980321722
manhattan,3.155492115400579
independent film,3.15464774079167
shyness,3.1545800465639022
christianity,3.153442031247588
end of the world,3.153343348917471
alone,3.153279361642659
sniper,3.1530294620347052
divorce,3.152699787886822
mysterious,3.1524791685146965
religious fanaticism,3.1519134942913545
mission,3.1515887207766746
neo-western,3.1506107722001064
fugitive,3.150504735998381
patient,3.150482800897103
afterlife,3.1497309287141357
vietnam,3.1493112232757103
amnesia,3.1489804278668436
teenage hero,3.1483997919356557
historical fiction,3.147863848876016
michigan,3.1468540665992664
art,3.146662928080137
killer,3.1462956211294832
concert,3.1458373075483204
royalty,3.1450568975956705
female villain,3.1440166638445644
symbolism,3.1424142997757194
warrior,3.1421097477878273
kung fu,3.14138418911308
catholicism,3.1409713207553054
bitter,3.1406635703853216
alcoholism,3.14042740817871
pianist,3.140131161806506
planet,3.1391141145434576
robot,3.1383958974259833
treasure hunt,3.1372054164266188
fbi agent,3.136847681577564
bride,3.135116521008486
las vegas,3.133618050764674
hacker,3.1326260354013242
class society,3.1323394832877134
honeymoon,3.1320980466552792
slasher,3.132080803358879
the white house,3.1320482727293375
kingdom,3.1320047386501737
supernatural horror,3.130099665686018
occult,3.129967001355286
older woman younger man relationship,3.1293145411544803
intimate,3.1290711902161896
sexual predator,3.1287979098217598
ex-cop,3.1284319670674234
16th century,3.127393624153746
retirement,3.1264109872345482
war crimes,3.1254365175411634
war,3.125410504307504
darkness,3.1239515140696934
india,3.1236380006320497
ironic,3.122707835691375
singer,3.122356838817087
tension,3.121581708756208
1950s,3.121381031469023
shocking,3.1210915762353206
grief,3.1209709202395297
racism,3.1209565578133938
mistaken identity,3.1209466602476357
hope,3.120921620423021
eroticism,3.1206272209591814
poker,3.1204378438247242
research,3.119831395149564
spacecraft,3.119387349208224
hatred,3.1193542085706025
calm,3.1188121554325465
explosion,3.1179309659373593
dystopian sci-fi,3.1174173857744076
ex-husband ex-wife relationship,3.114900403817993
italy,3.1139694208139725
penguin,3.1136395223223152
gun,3.1135697126142166
usa–mexico border,3.1126612622823444
bachelor,3.111991914206784
based on manga,3.1116976386554707
dubious,3.1114453265071216
british secret service,3.1113697673896508
mi6,3.1113697673896508
older man younger woman relationship,3.1113018832837107
suspicion,3.11115498623302
poison,3.1104946140730276
schizophrenia,3.1098360780367087
teleportation,3.1094103504032926
pretentious,3.107951909741672
single parent,3.1075583092612633
children in wartime,3.1071613105596274
female corpse,3.1069892723985495
ambition,3.106880149657707
lake,3.106388449758462
candlelight vigil,3.1047403728214396
monk,3.104067684825918
plan,3.1031526715843576
sewer,3.103126210585938
tense,3.102683793186357
sadist,3.1025739225654934
aids,3.0993411208105712
school bus,3.099040694103829
time,3.0989622848009892
2000s,3.098760144977247
child murder,3.097724434833833
male homosexuality,3.0975377359660365
fashion journal,3.0968273348634967
fashion,3.0968273348634967
alcohol,3.096573340504727
gothic,3.096058309910314
louisiana,3.0959533772158916
psychological thriller,3.0954855058924737
isekai,3.0951707791506324
teenage sexuality,3.0940086932878246
dysfunctional marriage,3.0939992131751586
wuxia,3.0935067258397475
super villain,3.0933512885908248
bribery,3.092529159501933
guitar,3.0915378944884933
district attorney,3.0910118341593007
criminal mastermind,3.0910118341593007
lawyer,3.089473511998078
vietnam veteran,3.0893907980171673
success,3.0890102165560758
magic realism,3.0880619500013964
prophecy,3.0878917252381926
sect,3.087849553445975
teenage crush,3.0877534083495672
gloomy,3.08697543358565
hostile,3.0867536681335674
human animal relationship,3.0864186526381103
trauma,3.0853422994771793
country music,3.0853127807369853
domestic abuse,3.0853061152365804
mystery,3.0852217401032638
ghost town,3.0850249376161787
abusive mother,3.084334216123054
sibling rivalry,3.0841952172926614
mistress,3.084011260942478
exploitation,3.083543396665108
e-mail,3.0831779923009908
married couple,3.0827593718824158
computer,3.081134895140272
dance,3.080834286735591
ladykiller,3.080745642832504
luck,3.0800687752448868
balloon,3.0798949943807665
politician,3.0795560467154983
cooking,3.078917440136174
depressing,3.0776742136091673
rio de janeiro,3.0775653380527035
exotic island,3.074059013651085
detroit,3.0740228528781675
cyberpunk,3.073611725717449
faun,3.0732727526546806
beggar,3.073038768132437
manhunt,3.0728518837208627
mass murder,3.0725280516666222
classroom,3.072406157683682
masked vigilante,3.0723225510717924
victorian era,3.0709825954971506
deception,3.0701256416758134
corporation,3.070041409616338
teacher student relationship,3.0687489119549465
smuggling (contraband),3.068324657736496
prostitution,3.068026058696476
louvre museum,3.0676942874356605
underground,3.0663172588041134
trial,3.0656234290591717
rescue team,3.0647117546292257
new relationship,3.0647083300914155
multiple storylines,3.064035019828778
apocalypse,3.0638966404694084
family's daily life,3.063733128282316
civil war,3.0636257787184107
liberation of prisoners,3.0631078191302996
tomb,3.0630229714230572
nightmare,3.0617901679976787
war on drugs,3.0616139355795857
based on short story,3.059722976228035
american civil war,3.0594474734781185
training,3.059368074632314
nationalism,3.057654685343661
plague,3.057463644816318
us army,3.05725251371549
comforting,3.056004398834235
pregnancy,3.0557277331193724
cold war,3.055518610639097
mythical creature,3.0553911713331767
haunted house,3.0546806890520077
angry mob,3.054629330117324
priest,3.053849695519178
infection,3.0536454812165843
cowardliness,3.052635736963385
morality,3.0523717648634565
irreverence,3.0518171428746284
soviet union,3.0514661035221295
heartbreak,3.051030470312442
talking cat,3.0505122306311807
australia,3.0498742289203338
housewife,3.0494237856710376
giant insect,3.0491155601764093
patriotism,3.0491007352196275
education,3.049023191878517
celebration,3.0485229546666197
vacation,3.048292686779394
bondage,3.0474035735782876
writing,3.0473986162806557
satirical,3.0454226723285833
shop,3.0447430055386286
drug smuggling,3.0432913493502016
missing child,3.042837334462023
dinosaur,3.0411488269132634
lovesickness,3.0410037901729146
modest,3.0398761932959495
warlord,3.039482047091444
leaving one's family,3.0379302570971642
grandparent grandchild relationship,3.037822704992787
live action and animation,3.0376653489563905
afghanistan war (2001-2021),3.0375493352017884
mercenary,3.0374751277926144
mouse,3.0374324078067723
paranoia,3.036656087986966
misunderstanding,3.0357434144009563
boss,3.03538503240943
chocolate,3.0348706027212455
psychiatrist,3.034523190503198
mistake in person,3.031997599267671
hold-up robbery,3.031499609874913
writer,3.0307948977245833
resistance,3.0292359212713196
machinegun,3.0290404024431905
interracial adoption,3.0283632702670533
fistfight,3.0279484955701967
unwillingly pregnant,3.0271389801839637
criminal organization,3.026873119913098
little boy,3.0257251052671865
millennium,3.0256275597323983
private military company,3.0255090455364204
snow,3.0242026419802106
nun,3.023796299247685
castration,3.0233813550534863
cave,3.0230836166070754
memory,3.0224414031422726
talking animal,3.0224301945836727
college,3.0223662448350317
fashion magazine,3.0220434492872794
uncle,3.0220115561530108
swashbuckler,3.0216656873422703
car bomb,3.021402883287865
buddy cop,3.0210255353718853
speculative,3.0206153485209914
prison guard,3.018968184147957
mayor,3.0180917992478276
earth,3.0179925684699174
cheating husband,3.016386357080906
religious cult,3.016313733464924
disguise,3.016169157650453
paranoid,3.0152325536731546
love letter,3.0149520952239075
bus,3.0142207676738932
religious fundamentalism,3.0139017188878636
nypd,3.013682992699002
interrogation,3.011484825679778
bridesmaid,3.0113080496637727
tribe,3.011100563104284
teachers and students,3.010639444136056
high fantasy,3.010119006180937
dating,3.0098847575862235
new neighbor,3.0098704482541807
transport of prisoners,3.009461248061876
crying,3.0089323386385574
fascism,3.0089271142551586
candy,3.0085050401678197
suitcase,3.008381136952167
cryonics,3.0082268749055885
angel,3.0078674488102672
filmmaking,3.0075080462687556
ufo,3.0073821689618323
heir to the throne,3.0058373674035797
experiment,3.0055541039727967
shame,3.005088016832555
fraud,3.0047409393835616
fish out of water,3.0042288365509635
black cinema,3.0038994219209303
giant monster,3.00309507370024
marriage proposal,3.002565639415432
haunted by the past,3.0022600221733704
rape and revenge,3.0022438613841063
skeleton,3.0017231572671514
pseudo-documentary,3.0014811253163485
courtroom drama,3.0013852214212116
double cross,3.0013834178145182
artificial intelligence (a.i.),3.0012709904656254
giant robot,3.0012397179213592
teen movie,3.0009390184421854
ancient world,3.0004534010475186
secret government organization,2.9977059603498284
pretend relationship,2.9972866561428027
based on movie,2.9965577718123324
dream girl,2.9958378560607333
kiss,2.993972159654032
desk,2.9935371335200376
cancer,2.992062305904634
sadistic,2.991735267655158
slavery,2.991599951943469
psychoanalysis,2.9914568607412746
evacuation,2.991415079141296
court,2.991227610342044
new orleans,2.98703693543258
race against time,2.985553871140232
new year's eve,2.9845243297955952
questioning,2.9844362246320024
baby,2.9837678936782384
goat,2.9835312696861367
bureaucracy,2.9833396991843446
blindness and impaired vision,2.9831866192520944
anthology,2.982715177651768
japanese high school,2.9823859971757813
hopeless,2.9818441901830055
showdown,2.9816347615389938
u.s. marine,2.981390386688058
unhappy marriage,2.9798760839217087
israel,2.9797812213613435
fish,2.9787589217894443
teenage boy,2.978404635322316
ax,2.978379470609048
angst,2.9774214398080097
marital separation,2.97667610285967
egotistical,2.976288522689829
twin brother,2.9761760060415354
zombie apocalypse,2.9759101779913806
shounen,2.975905108668959
political thriller,2.9755881167796736
bully,2.975139475454634
gambling debt,2.9745238065443282
power outage,2.9730561337456534
jungle,2.9728080012576066
bakery,2.971994746930152
space mission,2.971731717182835
home invasion,2.971295301370968
unlikely romance,2.9711848023421266
literature professor,2.9686872544844736
department store,2.9681191666986906
totalitarian,2.96778985047853
distant future,2.9674357945481593
workaholic,2.9674024667377457
illinois,2.967397753262874
chicago,2.967397753262874
harvard university,2.9665323538547987
challenge,2.964317572794072
loss,2.9640337420989047
unresolved issues,2.9632289394424918
maniac,2.9631897891972576
shark,2.9629803036159763
iraq,2.9625237585858746
flying,2.961658194498958
1990s,2.960450972145871
sports car,2.9598931475057757
biographical,2.959361275729949
self-defense,2.959226408081343
new identity,2.9581824649060136
midlife crisis,2.957938997336778
kids,2.957661858587339
ex-boyfriend ex-girlfriend relationship,2.9568725443316017
death of lover,2.956477185695639
zoo,2.9558227365459144
bounty hunter,2.9549924097206097
new zealand,2.9547216371166907
evil little girl,2.953887292264479
evil child,2.953887292264479
found footage,2.9535503571226887
stunt,2.952519970965839
pollution,2.952170458610052
florida,2.9521358916463507
stepfather,2.9510363286495616
hitchhiker,2.9502719757406948
quarantine,2.9492140941437337
father daughter relationship,2.949185721607449
historical artifacts,2.9490252855363064
life changing,2.9487893195141384
riddle,2.94812212318712
baltimore,2.9471969166837835
partnership,2.9459377116506573
sensei,2.945391261673701
human clone,2.9453638398313235
child in peril,2.945215414658753
boyfriend girlfriend relationship,2.945004053654071
halloween,2.944094340146806
soulmates,2.943375218402006
lecture,2.9409438178812404
royal family,2.940346304340566
palace,2.9403463043405655
divorced couple,2.9393746222546544
best friends,2.9376070622303985
disrespectful,2.937551567842941
mecha,2.9366767214960126
ocean,2.935670074479912
incest,2.9344597512847646
factory worker,2.9344359153162527
post-traumatic stress disorder (ptsd),2.9344335324991175
homicide,2.934147468954164
hidden camera,2.933373727881976
train,2.9328374821952647
blended family,2.9323582180056977
employer employee relationship,2.9312908002313836
master,2.929916206131115
decadence,2.9286139872583776
garbage,2.928566848567315
crush,2.928514403138153
literature,2.928499815984631
maya civilization,2.9284038395370833
ex-wife,2.9275423123807585
orphan,2.9269356475950508
grindhouse,2.926815244573483
mysticism,2.9252699350403124
relationship problems,2.925164487026087
football (soccer),2.9236907114794133
moon,2.9235004356121572
medicine,2.9232845509395786
dentist,2.9229586006330166
divorced parents,2.9226631979459463
beaten to death,2.92244825296635
rapper,2.9217990541266436
political corruption,2.920743780677977
prayer,2.9204211385890635
university,2.9196347547940733
cell phone,2.919203254098967
connecticut,2.91870214525009
taxi,2.91779090196588
medieval,2.917640722840569
surprise,2.9166623747402616
person on fire,2.9165811613570813
star crossed lovers,2.9160604005356805
food,2.915550948810183
prehistoric creature,2.91548793293444
chimp,2.9150945992601955
antarctica,2.914775902566392
alien planet,2.9143077981315244
single woman,2.9139423522196637
kaiju,2.913766223980092
in love with enemy,2.913437615207436
asylum,2.9131868765902347
ambush,2.9123780763836558
archaeologist,2.9122861019437276
teenage romance,2.9116448304595606
chicken,2.911047473284294
divorcee,2.9103244049968042
fighting,2.910067127409283
olympic games,2.9100149891133436
mossad,2.9099476468019687
hallucination,2.9085894435258153
christian,2.9079660760843913
firefly,2.907878639124141
police officer,2.9078457242722626
motherly love,2.9073331079881863
south korea,2.907225026959063
musician,2.907192440979794
hip-hop,2.9071022755791702
suburbia,2.906982578798676
gay relationship,2.906549036408473
in the closet,2.906549036408473
cartoon,2.906521112335438
woods,2.9063495274866105
manipulation,2.9058799431231055
arrogance,2.9048886504161233
evil,2.9048363798560612
black hole,2.9045565700860796
greece,2.9037374042214057
indigenous,2.9030062169718556
based on memoir or autobiography,2.9025253272950176
tokyo,2.9018767054818735
malibu,2.901335562554788
threat,2.9011084193139154
arms dealer,2.9010948135800416
holy water,2.900776660839515
knight,2.900011086762557
austria,2.899982386028874
reboot,2.8999008228032217
debt,2.8994586111427845
rescue mission,2.8990607071413885
dictator,2.8985782065944528
house,2.898328614490188
nemesis,2.8982957310070994
communism,2.898085218467192
ogre,2.8975180480711593
virginia,2.8974332556710625
thief,2.897381695369637
christmas romance,2.8973123785505206
flight,2.8973001600562123
christmas music,2.8962784325228847
comedy,2.894630020847034
hooligan,2.8938177685664273
rwandan genocide,2.893714460251495
male friendship,2.893554285516845
painting,2.8933646609777384
resistance fighter,2.892915614771324
camcorder,2.8926368169501595
illegal immigration,2.8923110673082904
rock band,2.8916476247208704
depression,2.8908052088890415
totalitarian regime,2.8905995289947692
bar fight,2.8900667112612015
held captive,2.8900066050681144
sex,2.8898743029480434
girlfriend,2.889603369117521
tragic love,2.8888459658961643
suspense,2.888604305833078
deer,2.8869402796423422
publisher,2.886932628110665
gang violence,2.886036507238177
socially deprived family,2.8860066405773135
teen comedy,2.885982794517012
vigilante justice,2.8857655502475055
medical examiner,2.8847381133370127
baker,2.8838528786300275
disorder,2.883738763068449
secret organization,2.8835180926886075
sarcasm,2.883465369686975
violence in schools,2.883312929097739
panic,2.883182488504847
drunk,2.8829689508868923
painter,2.882744067940008
gambler,2.882148275949004
netherlands,2.881964474510947
king,2.881745411097278
slice of life,2.8806164940040397
criminal,2.8803392114662723
brother against brother,2.8800780226423575
based on short film,2.8799909947297166
wealth,2.879617115598918
romania,2.878782457819961
exorcism,2.877975470951974
numbers,2.877823869984155
immigrant,2.8776508976160633
treasure,2.8774021289880594
brother sister relationship,2.876731344216847
east asian lead,2.8760364159738687
smoking,2.8753530042208713
nanny,2.8752748769665275
giant octopus,2.8740583942039657
legend,2.874024477806816
morgue,2.873931898785508
nerd,2.8736720387168737
high school sports,2.8735183769977524
new jersey,2.873409874746981
genetics,2.8733709014115494
intelligence,2.8728530154387104
jerusalem,2.8721129074868217
space marine,2.8719925289377386
reunion,2.87140882611451
turtle,2.870611394129026
junk food,2.8697972095051174
blackjack,2.8696014637770473
construction worker,2.8670566446123478
schoolgirl,2.8665286319272973
tennis,2.8665073333526765
insecure,2.8653162834200776
squatter,2.8640081743792685
mercilessness,2.8634072986156385
one against many,2.8631706246653463
muslim,2.862450116440852
comeback,2.8619875973097884
verbal abuse,2.8608056866958638
urban gothic,2.858958885323695
telepathy,2.8583816964842557
cannabis,2.8581047572655796
fear,2.857661333051033
salesman,2.857247573121971
switzerland,2.857168724647644
double life,2.8567758368874387
approach,2.8555511776490237
alternate history,2.8549379959379078
interview,2.854835553740386
suppressed past,2.8541893579160242
giant wave,2.8541365954297966
crisis of faith,2.8540270414459643
horse race,2.8539860293222548
television producer,2.853314220814865
swimming pool,2.8531905719038413
bear,2.8529091208570985
tempel,2.852737887552869
shaggy dog story,2.851777288928684
astronaut,2.8517200124432356
social satire,2.8496717358440202
transporter,2.8494259791420307
boxer,2.8494259791420307
boxing,2.8494259791420307
defeat,2.8494259791420307
drug lord,2.849128439311851
disaster movie,2.8486800617274004
prisoner,2.848279321367755
runaway,2.8476214892073384
adventurer,2.847535865588246
loss of job,2.8470710804126886
mature romance,2.846648919023198
pakistan,2.8465188436834516
investigator,2.8461243475063527
archeology,2.8454542378825995
killer robot,2.84535924470758
anthropomorphic animal,2.8451983158234246
social injustice,2.8451630835878228
unemployment,2.8448094889966367
loan officer,2.844482799592258
prisoner of war,2.8442561697966773
researcher,2.8433608092113776
dancing,2.8430598542410555
based on song,2.842597502222443
poem or rhyme,2.842597502222443
journey,2.8423570363273254
treasure hunter,2.8416936516090274
museum,2.8413765520100553
child hero,2.8404312087559545
ball,2.840230388134334
becoming an adult,2.8401832887626264
judge,2.8383943734413757
adolescence,2.8382286976403885
prehistory,2.8373687767726015
elves,2.836652981526759
mockumentary,2.8361104559949757
purgatory,2.83342971381631
president,2.8329845100545454
studies,2.8327195137068966
android,2.832512185657872
gold,2.8320355348709385
autonomy,2.831287697707621
life's dream,2.829640928004054
family vacation,2.828106358316768
epilepsy,2.8278989469911204
army veteran,2.826973303806013
bdsm,2.826209517179625
history and legacy,2.826191358097505
photographer,2.8261781911120454
punk rock,2.825789781564629
advice columnist,2.8254619335609834
bahamas,2.8254010373387652
south africa,2.824101146189033
expedition,2.824015863101324
return,2.823886832173492
memory loss,2.823762514086331
turns into animal,2.823429726829654
secret formula,2.8231077895716785
support,2.8226514679449464
gay romance,2.8218085335490506
counterterrorism,2.821667616394687
musical comedy,2.8214416163750973
cataclysm,2.8207739644888337
theft,2.8207545267707905
big family,2.8204281909760702
spring,2.818235687007583
hairdresser,2.8181231946190657
booby trap,2.8181071243407962
spirit,2.817964690798327
ghost ship,2.817518531894269
victorian england,2.817070042121544
immortality,2.8161603775311366
escapade,2.8157505611144398
karate,2.8140508670847026
classical music,2.813993988952767
urban setting,2.813468375761881
middle age,2.813192680917389
hypnosis,2.8128858972397768
terminal illness,2.8124235874827535
struggle for survival,2.812007365427007
waitress,2.8117775503390243
autism,2.8108530215606518
couple,2.8105116870693347
conceited,2.8098070450192636
brothers,2.80652748232865
iraq war,2.806352153283472
joyous,2.806255743483267
sex trafficking,2.806189755581494
shopping mall,2.806042432652591
belgium,2.805627025345569
colorado,2.805244087696211
american football coach,2.804579839889975
anonymous letter,2.8043177849491476
ex-boyfriend,2.8031652292162073
ex special forces,2.802916961617071
getaway driver,2.8026229721019886
private school,2.8024673040560857
key,2.8022731524028313
gas station,2.8020181032169007
antidote,2.8012391217531056
past history,2.8008135960640397
piano lessons,2.7992767199445314
hand to hand combat,2.797892220315532
fake documentary,2.7971258225004356
surgeon,2.7967189465110924
middle east,2.7960933729630515
death of husband,2.795153666270596
psychotherapy,2.7938222892647055
dormitory,2.79369515443435
cohabitant,2.79369515443435
social services,2.7936761193789565
high school teacher,2.7936209622290162
meteor,2.7934490646286525
war on terror,2.793089631959545
homeland security,2.792939648460215
hong kong,2.7925897297004276
rome,2.7924831685306972
childhood trauma,2.7923360647421887
record producer,2.790617970345796
subway tunnel,2.7903393996826806
second sino-japanese war (1937-45),2.7901366534385788
horror,2.789483970913618
vampire human love,2.7889717569201027
interspecies romance,2.7889717569201022
temple,2.7886913810699756
artist,2.7884162847669405
basketball,2.7883164106528575
extortion,2.7877012363742906
tank,2.7874315436282027
claustrophobia,2.7873942596027925
sexual abuse,2.7873347965278605
great britain,2.7870620027220125
pizza,2.7861375929314147
pov,2.784907953919195
videotape,2.7826156143757936
cairo,2.7820323996967367
technology,2.7817605533228282
satan,2.7816141532447944
time loop,2.7814821162930228
chinese woman,2.780921540866908
shower,2.7801795738724233
folk hero,2.7798465626094186
japanese army,2.779234140560425
imperial japan,2.779234140560424
strip club,2.7786901409039757
torture chamber,2.778534724214278
wife,2.778211022056924
victory,2.778083050001212
wyoming,2.777957768390582
blunt,2.77745259707239
lemur,2.777325767142374
zebra,2.777325767142374
madagascar,2.7773257671423734
giraffe,2.7773257671423734
hippopotamus,2.7773257671423734
farm,2.7771414934271825
wheelchair,2.7767556043663264
masturbation,2.776251022425331
brother brother relationship,2.7756381862520314
destruction,2.774697744436638
dirty cop,2.7746928220990705
inventor,2.7745598141948022
family dinner,2.774251982002948
missing daughter,2.7730220180397023
rodeo,2.7716094094943027
premonition,2.771548132274709
hell,2.771544913151446
roommates,2.7708375408130625
computer hacker,2.7702912389116285
superhuman strength,2.770086274695799
brainwashing,2.770068011691665
haunting,2.7697726177653808
contest,2.769229630320223
saudi arabia,2.7686755043601674
nature documentary,2.767017727823167
insanity,2.7664438051852835
disability,2.766129750460657
singing,2.764555813378019
congress,2.764358737120261
bodyguard,2.764346422396077
therapist,2.7633654274856867
insurgence,2.7632679698607285
middle class,2.762968218735902
elasticity,2.761788814594809
invisibility,2.761788814594809
scholarship,2.760544446479814
cabin,2.7591746506797277
cigarette,2.7573408368867107
death game,2.7568267858320006
iceland,2.7567950790800273
market,2.7548387353516217
anger,2.7538723564343366
minnesota,2.7535469948859568
tombstone,2.7511641300064076
political satire,2.751109402268121
czech republic,2.7510502723103385
surfboard,2.7508194333718983
religion and supernatural,2.749219761562162
delhi,2.74902476451414
colonel,2.748646049331826
vegetable,2.746840834844663
castle,2.746627354585679
solidarity,2.74639667046063
misanthrope,2.745860743814516
ultimatum,2.7452384821561004
compass,2.7442545350242176
cannibalism,2.7439060890055225
god,2.7434022246684804
doll,2.743071208288419
office,2.7429265295755565
stage,2.742871476177197
skyscraper,2.742106931719015
battle for power,2.740895726807062
card game,2.7383796101695737
emperor,2.7383266506203974
mythology,2.73821133883546
marvel cinematic universe (mcu),2.7365246140587653
young boy,2.7364201137530775
terracotta army,2.736418974705317
babysitter,2.736335788519135
ninja fighter,2.7360158465894093
compilation,2.735883313491442
hunter,2.7358714168693
12th century,2.7356460120356085
coming out,2.7351347348774304
semi autobiographical,2.733806981996885
holiday horror,2.733708356691588
mission of murder,2.733333495048595
assault,2.730236325693374
garden,2.729143341481495
pre-teen,2.729004218494865
6th century,2.7288634364468836
martial arts master,2.7282784903059065
axe murder,2.7280117466102154
sword and sorcery,2.726088369718461
virgin,2.7260525373908395
love at first sight,2.725800536685824
court case,2.7243068461934454
cowardice,2.7239435918076924
underwater,2.7235302920040705
fall,2.7232729025925466
9/11,2.7219769336569093
fortune teller,2.7218084593381873
secret service,2.7193945364375907
coward,2.719124131102746
night life,2.7190736427396827
storm,2.7186794205662164
valentine's day,2.7183994290758147
australian outback,2.718347281416097
recording contract,2.718217251988911
invulnerability,2.7179837309158077
change of plan,2.7178310237212937
north carolina,2.7159908837710884
weight loss,2.7150751745962465
regret,2.7148970948371303
faked footage,2.7148604258872457
sexuality,2.7141266780370628
miami,2.7124375406806447
asperger's syndrome,2.7119713481107066
erotic thriller,2.7115521542863235
police chase,2.710665136582462
hostage situation,2.7102183603448244
desire to have children,2.7097267823751294
beheading,2.7095888018244345
dna,2.709456006043171
one-night stand,2.7084916706631423
fast food restaurant,2.706877902801658
hiding,2.7055687013525214
legacy,2.705177120287967
wolf,2.704902262608675
iwo jima,2.7031708509752375
pacific war,2.7031708509752375
first time,2.703170353502683
palestinian-israeli conflict,2.702029568686978
undercover agent,2.7020006950949798
high school american football,2.7013295551448975
albanian,2.7003771877111244
vikings (norsemen),2.699632644931361
couples therapy,2.6986570344732264
school performance,2.6982744342118132
drinking,2.698179581493291
inheritance,2.6978214217680128
sword,2.69769140900901
belly dancing,2.6973822529972704
luxury hotel,2.696546026759287
psychologist,2.693733068707126
healing,2.6934069242483063
time paradox,2.6923936008720823
octopus,2.6908472997400814
mental illness,2.690503681548233
long island,2.69039912032543
new york,2.69039912032543
wine,2.69033803083703
paranormal phenomena,2.6884212811995556
pilot,2.686843975211206
trap,2.686747457949938
world champion,2.685666203543738
thailand,2.685336209108288
fictional war,2.6852092064955726
politically incorrect,2.6849769393242315
servant,2.6844043873222314
bad power,2.6843433752725625
tap dancing,2.6841389532793416
new mexico,2.6838610435075823
cemetery,2.6835735724904493
live action remake,2.6831325312820513
group of friends,2.682408801154733
drowning,2.68102043421884
media,2.680962228367804
fairy,2.680048988991732
wormhole,2.678661422830755
psychology,2.6775055058868125
attempted murder,2.6767007842533275
bathroom,2.676099392196948
drug use,2.6738375300270403
doppelgänger,2.671017212908077
rap music,2.67045576064905
cross country trip,2.66989490879443
secrets,2.6697458068075295
kenya,2.669330982028453
1910s,2.6689195751710093
protection,2.668496422542885
girls' boarding school,2.667744530887457
girls' school,2.667744530887457
polyamory,2.662588009189083
peru,2.661375794135512
dominatrix,2.660444119029659
businessman,2.65944296434237
personal trainer,2.65914129623155
grizzly bear,2.656774639150768
bloody fight,2.6567370311984577
missionary,2.655787116810036
illness,2.6545565200965897
online dating,2.654416165559823
frenemies,2.6528222345955053
blonde,2.652193319239812
garage,2.6521183755309794
lingerie,2.6475763211910137
ice age,2.646305774029336
self mutilation,2.6458066031274394
grieving widower,2.6435451938832766
family conflict,2.642731922788119
afghanistan,2.6422766279870533
2010s,2.6415632736609487
family drama,2.6408899841075058
hunt,2.6404522594800457
ice hockey,2.6404172425257344
computer animation,2.6402855434684107
news report,2.6401802510058467
vegetarian,2.6386320564308563
cgi-live action hybrid,2.6380428395615123
firefighter,2.636959862501492
fighter,2.6369250126609884
imaginary friend,2.636828979247429
future war,2.6360656086297904
cuba,2.635461024475627
con man,2.6352990808536125
puritan,2.635167744434733
ark,2.6334389156790543
flood,2.633438915679054
subway train,2.632057489198306
school friend,2.6315595618984595
dysfunctional,2.6305728700293196
sailing,2.6304709995065463
jail,2.6290344867970905
news reporter,2.6272803425158617
ice skating,2.6272582882731497
figure skating,2.6272582882731497
bereavement,2.6265413384027245
ransom,2.6265151497942085
mansion,2.626330484964471
french intelligence,2.6247396145406374
humorous,2.6247396145406374
diving,2.624297225834262
laser,2.6239092406183704
heart-throb,2.620040787474296
breakdance,2.6198412446375583
chinese painting,2.6194927784437225
3rd century,2.6194927784437225
delusion,2.6191078840575415
community spirit,2.617668791451703
underdog,2.6174704180604618
japanese occupation of china,2.6140782627936003
sea,2.6132581923021454
saber-toothed tiger,2.61181437132261
mammoth,2.61181437132261
son,2.6114728477713194
murder investigation,2.6114284252350872
sydney,2.6112664910086383
shotgun,2.6112347724055702
coyote,2.609759360093641
hit-and-run,2.6071389971396677
back to life,2.6067759752712747
conflict,2.606603777237359
paranormal,2.6013370592498646
multiple perspectives,2.6002184526840266
disguised voice,2.600020984730739
miraculous event,2.599648225550244
promise,2.5990345709067397
rock star,2.5982018676062673
fame,2.5980321610918375
poet,2.597949131575059
emasculation,2.5962220430578182
childhood friends,2.5943339466827755
based on toy,2.5940452154936082
car accident,2.5934384484054984
iraq war veteran,2.5910422947256992
ridiculous,2.5897882126653267
gothic horror,2.5897873608813136
cheating death,2.588976759245937
orgasm,2.58492880890138
isolated house,2.5815757893422253
gambling,2.581090738353102
nascar,2.5806252585968825
spin off,2.5798188626871634
pimp,2.5792033658210625
sacramento,2.578642494036193
kuwait,2.5756612984863696
genetic mutation,2.575437641060564
psychic,2.575312847926879
soul selling,2.5730596638111063
engagement ring,2.572124623273255
lying,2.5695437893065476
superhero team,2.567173102753518
bankrupt,2.566971598037874
scuba diving,2.5653474988109384
young adult,2.5621301825212055
great wall of china,2.561531412213331
extraterrestrial technology,2.5562326305604333
assassination of president,2.553359866428216
amsterdam,2.5528438200821126
slacker,2.5511965560204204
body horror,2.5497784520140927
brooklyn,2.547295562414462
devil,2.5446960323905077
guantanamo bay,2.54248749269241
rock 'n' roll,2.5411851477630316
argument,2.5333647021036176
death match,2.5311364259788793
mind game,2.5311364259788793
torture porn,2.5304728466935633
family clan,2.529175157164058
demonic possession,2.528070527116999
natural disaster,2.5253091481255336
mountain,2.5250653487395254
lesbian relationship,2.5229804097187967
enchantment,2.5190199977362235
mexico city,2.5158832769082466
light,2.515390829593654
security guard,2.513229091158709
stabbing,2.5091477121105705
pocket monsters,2.5089912793168687
sex comedy,2.506704390860349
casualty of war,2.506347327255524
slovakia,2.506279982182131
bratislava,2.5056785394869387
elephant,2.500140364557473
north pole,2.499007858072392
santa claus,2.499007858072392
obsessed with a man,2.4989581313043883
provence,2.491227307959181
pornography,2.490741867638649
interdimensional beings,2.489660286980548
chipmunk,2.4894905104941953
taxi driver,2.4852106259805917
snob,2.4831571217509687
genghis khan,2.4822261460768975
nuclear holocaust,2.478606463662633
earthquake,2.476321277330065
female lover,2.4700486130144776
past,2.464781405990842
sword fighting,2.4576844158799966
christmastime,2.4555855886823923
christian film,2.444086398454158
pharaoh,2.443882917088241
inanimate objects come to life,2.443882917088241
magical object,2.4438829170882403
boogeyman,2.43553836772681
u.s. soldier,2.4355365755467435
legal thriller,2.430540220893519
butcher,2.426375463417571
vulgar,2.4175112911949643
alien life-form,2.4158333071213485
condom,2.4155505332356335
childhood crush,2.4063274103098466
it-expert,2.392215132171099
talk,2.371878949815449
spoof,2.370883474316044
one woman army,2.370640983308566
stalking,2.3663798155348923
vineyard,2.365854755669214
fraternity,2.3417618376491127
college freshman,2.337871908987397
virginity,2.3338110070368443
overweight woman,2.331534428095557
pyramid,2.330022033827107
hedonism,2.32334887361494
yeti,2.32328483184779
frat party,2.304649995202583
crude humor,2.298820560305219
shark attack,2.295319900279148
shot,2.2791936106891915
video store,2.276409066786187
stone age,2.2534640010139406
car journey,2.2473421244236094
baseball,2.2362138434964733
comedian,2.22811253697377
film in film,2.218250088327526
